keyword,mean_tfidf
on,0.059208373098742224
email,0.058998621607666085
phi,0.05773818610105349
patient,0.04935895962918383
name,0.04665709872753076
of,0.045742427311176316
wound,0.0438761586296045
since,0.03912462411635057
and,0.038525581515803695
ulcer,0.03736215241964818
cream,0.03722896621753314
score,0.036914622944645314
after,0.03682076560118864
no,0.035965420975691914
mrn phi,0.03306700664531499
name phi,0.03306700664531499
phi mrn,0.03306700664531499
mrn,0.03306700664531499
email email,0.032516379150239846
name email,0.032516379150239846
email phi,0.032516379150239846
id phi,0.032290418974943655
id,0.032290418974943655
patient id,0.032290418974943655
name patient,0.032290418974943655
asymmetric,0.026666581046471367
mole,0.026666581046471367
growing since,0.026666581046471367
asymmetric mole,0.026666581046471367
mole growing,0.026666581046471367
