source,target,relation,weight
DIS_01,SYM_02,CAUSES_SYMPTOM,0.95
DIS_02,SYM_01,CAUSES_SYMPTOM,0.9
DIS_02,SYM_06,CAUSES_SYMPTOM,0.85
DIS_03,SYM_04,CAUSES_SYMPTOM,0.92
DIS_03,SYM_06,CAUSES_SYMPTOM,0.88
DIS_04,SYM_08,CAUSES_SYMPTOM,0.96
DIS_05,SYM_03,CAUSES_SYMPTOM,0.8
DIS_05,SYM_05,CAUSES_SYMPTOM,0.75
DIS_05,SYM_07,CAUSES_SYMPTOM,0.9
DIS_06,SYM_01,CAUSES_SYMPTOM,0.85
DIS_06,SYM_06,CAUSES_SYMPTOM,0.8
DIS_01,DRUG_05,TREATED_BY,0.9
DIS_02,DRUG_02,TREATED_BY,0.85
DIS_03,DRUG_01,TREATED_BY,0.95
DIS_04,DRUG_06,TREATED_BY,0.88
DIS_05,DRUG_04,TREATED_BY,0.92
DIS_06,DRUG_03,TREATED_BY,0.89
DRUG_03,DRUG_01,CONTRAINDICATED_WITH,0.7
DRUG_04,DRUG_02,CONTRAINDICATED_WITH,0.65
